Workbook

Sheet Lists
A1: Departments | B1: Designations | C1: Status | D1: Leave Type | E1: Leave Status | F1: Gender
A2: Sales | B2: Executive | C2: Active | D2: Sick Leave | E2: Approved | F2: Male
A3: Marketing | B3: Senior Executive | C3: Resigned | D3: Casual Leave | E3: Pending | F3: Female
A4: Finance | B4: Team Lead | D4: Earned Leave | E4: Rejected
A5: IT | B5: Manager | D5: Maternity/Paternity
A6: HR | B6: Senior Manager
A7: Operations

Sheet Employee_Master
A1: Employee ID | B1: Employee Name | C1: Gender | D1: Department | E1: Designation | F1: City | G1: Date of Birth | H1: Joining Date | I1: Exit Date | J1: Status | K1: Base Salary ($) | L1: Email | M1: Phone
A2: E001 | B2: Rahim | C2: Male | D2: Sales | E2: Team Lead | F2: Dhaka | G2: 33075 | H2: 43523 | J2: Active | K2: 48000 | L2: rahim1@gmail.com | M2: 1731137934
A3: E002 | B3: Nadia | C3: Female | D3: Marketing | E3: Senior Manager | F3: Chattogram | G3: 33241 | H3: 44745 | J3: Active | K3: 60000 | L3: nadia2@gmail.com | M3: 1927912004
A4: E003 | B4: Karim | C4: Male | D4: Finance | E4: Executive | F4: Khulna | G4: 35469 | H4: 45615 | J4: Active | K4: 65000 | L4: karim3@gmail.com | M4: 1912966210
A5: E004 | B5: Jannat | C5: Female | D5: IT | E5: Executive | F5: Rajshahi | G5: 33256 | H5: 43965 | I5: 45575 | J5: Resigned | K5: 60000 | L5: jannat4@gmail.com | M5: 1797026737
A6: E005 | B6: Sumon | C6: Male | D6: HR | E6: Executive | F6: Sylhet | G6: 35724 | H6: 43986 | J6: Active | K6: 35000 | L6: sumon5@gmail.com | M6: 1731998134
A7: E006 | B7: Tania | C7: Female | D7: Operations | E7: Senior Manager | F7: Barishal | G7: 33472 | H7: 45132 | J7: Active | K7: 65000 | L7: tania6@gmail.com | M7: 1943301510
A8: E007 | B8: Rafi | C8: Male | D8: Sales | E8: Team Lead | F8: Rangpur | G8: 33720 | H8: 44190 | J8: Active | K8: 65000 | L8: rafi7@gmail.com | M8: 1861195018
A9: E008 | B9: Nabila | C9: Female | D9: Marketing | E9: Senior Manager | F9: Mymensingh | G9: 34874 | H9: 44701 | J9: Active | K9: 35000 | L9: nabila8@gmail.com | M9: 1974841847
A10: E009 | B10: Fahim | C10: Male | D10: Finance | E10: Manager | F10: Dhaka | G10: 33029 | H10: 44744 | J10: Active | K10: 35000 | L10: fahim9@gmail.com | M10: 1999614639
A11: E010 | B11: Mim | C11: Female | D11: IT | E11: Senior Manager | F11: Chattogram | G11: 36688 | H11: 45463 | J11: Active | K11: 56000 | L11: mim10@gmail.com | M11: 1736916826
A12: E011 | B12: Hasan | C12: Male | D12: HR | E12: Executive | F12: Khulna | G12: 33839 | H12: 45324 | J12: Active | K12: 45000 | L12: hasan11@gmail.com | M12: 1939251566
A13: E012 | B13: Liza | C13: Female | D13: Operations | E13: Team Lead | F13: Rajshahi | G13: 36363 | H13: 44211 | J13: Active | K13: 65000 | L13: liza12@gmail.com | M13: 1762865327
A14: E013 | B14: Arif | C14: Male | D14: Sales | E14: Manager | F14: Sylhet | G14: 32258 | H14: 44279 | J14: Active | K14: 52000 | L14: arif13@gmail.com | M14: 1966560007
A15: E014 | B15: Sadia | C15: Female | D15: Marketing | E15: Executive | F15: Barishal | G15: 33098 | H15: 45051 | J15: Active | K15: 60000 | L15: sadia14@gmail.com | M15: 1849476169
A16: E015 | B16: Nayeem | C16: Male | D16: Finance | E16: Manager | F16: Rangpur | G16: 34286 | H16: 43893 | I16: 45604 | J16: Resigned | K16: 32000 | L16: nayeem15@gmail.com | M16: 1960362383
A17: E016 | B17: Nusrat | C17: Female | D17: IT | E17: Senior Manager | F17: Mymensingh | G17: 33003 | H17: 43538 | J17: Active | K17: 65000 | L17: nusrat16@gmail.com | M17: 1871053342
A18: E017 | B18: Sohan | C18: Male | D18: HR | E18: Senior Executive | F18: Dhaka | G18: 36423 | H18: 45620 | I18: 45851 | J18: Resigned | K18: 52000 | L18: sohan17@gmail.com | M18: 1755586053
A19: E018 | B19: Sharmin | C19: Female | D19: Operations | E19: Manager | F19: Chattogram | G19: 35978 | H19: 43868 | J19: Active | K19: 35000 | L19: sharmin18@gmail.com | M19: 1882564914
A20: E019 | B20: Tanvir | C20: Male | D20: Sales | E20: Senior Manager | F20: Khulna | G20: 32174 | H20: 45003 | I20: 45931 | J20: Resigned | K20: 35000 | L20: tanvir19@gmail.com | M20: 1811643747
A21: E020 | B21: Popy | C21: Female | D21: Marketing | E21: Senior Manager | F21: Rajshahi | G21: 34414 | H21: 44367 | J21: Active | K21: 35000 | L21: popy20@gmail.com | M21: 1761929944
A22: E021 | B22: Imran | C22: Male | D22: Finance | E22: Manager | F22: Sylhet | G22: 34927 | H22: 44232 | I22: 46000 | J22: Resigned | K22: 56000 | L22: imran21@gmail.com | M22: 1786671693
A23: E022 | B23: Ruma | C23: Female | D23: IT | E23: Senior Manager | F23: Barishal | G23: 32250 | H23: 44278 | J23: Active | K23: 32000 | L23: ruma22@gmail.com | M23: 1983526596
A24: E023 | B24: Rakib | C24: Male | D24: HR | E24: Team Lead | F24: Rangpur | G24: 35849 | H24: 44451 | J24: Active | K24: 48000 | L24: rakib23@gmail.com | M24: 1819610948
A25: E024 | B25: Shila | C25: Female | D25: Operations | E25: Senior Manager | F25: Mymensingh | G25: 35319 | H25: 45402 | J25: Active | K25: 42000 | L25: shila24@gmail.com | M25: 1828520276
A26: E025 | B26: Shakil | C26: Male | D26: Sales | E26: Manager | F26: Dhaka | G26: 36257 | H26: 45150 | J26: Active | K26: 32000 | L26: shakil25@gmail.com | M26: 1850011687
A27: E026 | B27: Mitu | C27: Female | D27: Marketing | E27: Manager | F27: Chattogram | G27: 33717 | H27: 45092 | J27: Active | K27: 48000 | L27: mitu26@gmail.com | M27: 1895762400
A28: E027 | B28: Emon | C28: Male | D28: Finance | E28: Executive | F28: Khulna | G28: 33277 | H28: 44662 | J28: Active | K28: 65000 | L28: emon27@gmail.com | M28: 1701024518
A29: E028 | B29: Priya | C29: Female | D29: IT | E29: Manager | F29: Rajshahi | G29: 35972 | H29: 45349 | J29: Active | K29: 52000 | L29: priya28@gmail.com | M29: 1807008788
A30: E029 | B30: Rasel | C30: Male | D30: HR | E30: Manager | F30: Sylhet | G30: 33080 | H30: 45446 | J30: Active | K30: 52000 | L30: rasel29@gmail.com | M30: 1948657421
A31: E030 | B31: Tasnim | C31: Female | D31: Operations | E31: Manager | F31: Barishal | G31: 36215 | H31: 43895 | I31: 45966 | J31: Resigned | K31: 65000 | L31: tasnim30@gmail.com | M31: 1954668437

Sheet Dashboard
A1: HR MANAGEMENT DASHBOARD
A2: Report Date: | B2: =TODAY() -> 46236
A4: Active Employees | C4: Resigned (Attrition) | E4: Attrition Rate % | G4: Avg Attendance % | I4: Avg Performance Rating
A5: =COUNTIF(Employee_Master!J2:J31,"Active") -> 24 | C5: =COUNTIF(Employee_Master!J2:J31,"Resigned") -> 6 | E5: =COUNTIF(Employee_Master!J2:J31,"Resigned")/COUNTA(Employee_Master!A2:A31) -> 0.2 | G5: =AVERAGE(Calculations!G2:G31) -> 0.92400011 | I5: =AVERAGE(Calculations!H2:H31) -> 3.6666667
A8: DEPARTMENT-WISE SUMMARY
A9: Department | B9: Headcount (Active) | C9: Avg Salary ($) | D9: Avg Attendance % | E9: Avg Rating
A10: Sales | B10: =COUNTIFS(Employee_Master!$D$2:$D$31,A10,Employee_Master!$J$2:$J$31,"Active") -> 4 | C10: =AVERAGEIFS(Employee_Master!$K$2:$K$31,Employee_Master!$D$2:$D$31,A10) -> 46400 | D10: =AVERAGEIFS(Calculations!$G$2:$G$31,Calculations!$C$2:$C$31,A10) -> 0.92472364 | E10: =AVERAGEIFS(Calculations!$H$2:$H$31,Calculations!$C$2:$C$31,A10) -> 3.4
A11: Marketing | B11: =COUNTIFS(Employee_Master!$D$2:$D$31,A11,Employee_Master!$J$2:$J$31,"Active") -> 5 | C11: =AVERAGEIFS(Employee_Master!$K$2:$K$31,Employee_Master!$D$2:$D$31,A11) -> 47600 | D11: =AVERAGEIFS(Calculations!$G$2:$G$31,Calculations!$C$2:$C$31,A11) -> 0.92328244 | E11: =AVERAGEIFS(Calculations!$H$2:$H$31,Calculations!$C$2:$C$31,A11) -> 4.1
A12: Finance | B12: =COUNTIFS(Employee_Master!$D$2:$D$31,A12,Employee_Master!$J$2:$J$31,"Active") -> 3 | C12: =AVERAGEIFS(Employee_Master!$K$2:$K$31,Employee_Master!$D$2:$D$31,A12) -> 50600 | D12: =AVERAGEIFS(Calculations!$G$2:$G$31,Calculations!$C$2:$C$31,A12) -> 0.92099274 | E12: =AVERAGEIFS(Calculations!$H$2:$H$31,Calculations!$C$2:$C$31,A12) -> 3.5
A13: IT | B13: =COUNTIFS(Employee_Master!$D$2:$D$31,A13,Employee_Master!$J$2:$J$31,"Active") -> 4 | C13: =AVERAGEIFS(Employee_Master!$K$2:$K$31,Employee_Master!$D$2:$D$31,A13) -> 53000 | D13: =AVERAGEIFS(Calculations!$G$2:$G$31,Calculations!$C$2:$C$31,A13) -> 0.92260242 | E13: =AVERAGEIFS(Calculations!$H$2:$H$31,Calculations!$C$2:$C$31,A13) -> 4
A14: HR | B14: =COUNTIFS(Employee_Master!$D$2:$D$31,A14,Employee_Master!$J$2:$J$31,"Active") -> 4 | C14: =AVERAGEIFS(Employee_Master!$K$2:$K$31,Employee_Master!$D$2:$D$31,A14) -> 46400 | D14: =AVERAGEIFS(Calculations!$G$2:$G$31,Calculations!$C$2:$C$31,A14) -> 0.92219516 | E14: =AVERAGEIFS(Calculations!$H$2:$H$31,Calculations!$C$2:$C$31,A14) -> 3.7
A15: Operations | B15: =COUNTIFS(Employee_Master!$D$2:$D$31,A15,Employee_Master!$J$2:$J$31,"Active") -> 4 | C15: =AVERAGEIFS(Employee_Master!$K$2:$K$31,Employee_Master!$D$2:$D$31,A15) -> 54400 | D15: =AVERAGEIFS(Calculations!$G$2:$G$31,Calculations!$C$2:$C$31,A15) -> 0.93020425 | E15: =AVERAGEIFS(Calculations!$H$2:$H$31,Calculations!$C$2:$C$31,A15) -> 3.3
A17: TOP 5 PERFORMERS (by Rating)
A18: Rank | B18: Employee Name | C18: Department | D18: Avg Rating
A19: 1 | B19: =IFERROR(INDEX(Calculations!$B$2:$B$31,MATCH(LARGE(Calculations!$H$2:$H$31,1),Calculations!$H$2:$H$31,0)),"") -> Mitu | C19: =IFERROR(INDEX(Calculations!$C$2:$C$31,MATCH(LARGE(Calculations!$H$2:$H$31,1),Calculations!$H$2:$H$31,0)),"") -> Marketing | D19: =LARGE(Calculations!$H$2:$H$31,1) -> 5 | G19: MONTHLY ATTENDANCE TREND (Company-wide, sample months)
A20: 2 | B20: =IFERROR(INDEX(Calculations!$B$2:$B$31,MATCH(LARGE(Calculations!$H$2:$H$31,2),Calculations!$H$2:$H$31,0)),"") -> Nadia | C20: =IFERROR(INDEX(Calculations!$C$2:$C$31,MATCH(LARGE(Calculations!$H$2:$H$31,2),Calculations!$H$2:$H$31,0)),"") -> Marketing | D20: =LARGE(Calculations!$H$2:$H$31,2) -> 4.5 | G20: Month | H20: Avg Attendance %
A21: 3 | B21: =IFERROR(INDEX(Calculations!$B$2:$B$31,MATCH(LARGE(Calculations!$H$2:$H$31,3),Calculations!$H$2:$H$31,0)),"") -> Nadia | C21: =IFERROR(INDEX(Calculations!$C$2:$C$31,MATCH(LARGE(Calculations!$H$2:$H$31,3),Calculations!$H$2:$H$31,0)),"") -> Marketing | D21: =LARGE(Calculations!$H$2:$H$31,3) -> 4.5 | G21: Jan-24 | H21: =SUMIFS([1]Attendance_Log!$C$2:$C$1000,[1]Attendance_Log!$B$2:$B$1000,G21)/SUMIFS([1]Attendance_Log!$D$2:$D$1000,[1]Attendance_Log!$B$2:$B$1000,G21) -> 0.92094862
A22: 4 | B22: =IFERROR(INDEX(Calculations!$B$2:$B$31,MATCH(LARGE(Calculations!$H$2:$H$31,4),Calculations!$H$2:$H$31,0)),"") -> Nadia | C22: =IFERROR(INDEX(Calculations!$C$2:$C$31,MATCH(LARGE(Calculations!$H$2:$H$31,4),Calculations!$H$2:$H$31,0)),"") -> Marketing | D22: =LARGE(Calculations!$H$2:$H$31,4) -> 4.5 | G22: Apr-24 | H22: =SUMIFS([1]Attendance_Log!$C$2:$C$1000,[1]Attendance_Log!$B$2:$B$1000,G22)/SUMIFS([1]Attendance_Log!$D$2:$D$1000,[1]Attendance_Log!$B$2:$B$1000,G22) -> 0.92307692
A23: 5 | B23: =IFERROR(INDEX(Calculations!$B$2:$B$31,MATCH(LARGE(Calculations!$H$2:$H$31,5),Calculations!$H$2:$H$31,0)),"") -> Nadia | C23: =IFERROR(INDEX(Calculations!$C$2:$C$31,MATCH(LARGE(Calculations!$H$2:$H$31,5),Calculations!$H$2:$H$31,0)),"") -> Marketing | D23: =LARGE(Calculations!$H$2:$H$31,5) -> 4.5 | G23: Jul-24 | H23: =SUMIFS([1]Attendance_Log!$C$2:$C$1000,[1]Attendance_Log!$B$2:$B$1000,G23)/SUMIFS([1]Attendance_Log!$D$2:$D$1000,[1]Attendance_Log!$B$2:$B$1000,G23) -> 0.91720779
G24: Oct-24 | H24: =SUMIFS([1]Attendance_Log!$C$2:$C$1000,[1]Attendance_Log!$B$2:$B$1000,G24)/SUMIFS([1]Attendance_Log!$D$2:$D$1000,[1]Attendance_Log!$B$2:$B$1000,G24) -> 0.93019481
A25: RECRUITMENT PIPELINE | G25: Jan-25 | H25: =SUMIFS([1]Attendance_Log!$C$2:$C$1000,[1]Attendance_Log!$B$2:$B$1000,G25)/SUMIFS([1]Attendance_Log!$D$2:$D$1000,[1]Attendance_Log!$B$2:$B$1000,G25) -> 0.93506494
A26: Stage | B26: Candidate Count | G26: Apr-25 | H26: =SUMIFS([1]Attendance_Log!$C$2:$C$1000,[1]Attendance_Log!$B$2:$B$1000,G26)/SUMIFS([1]Attendance_Log!$D$2:$D$1000,[1]Attendance_Log!$B$2:$B$1000,G26) -> 0.91720779
A27: Applied | B27: =COUNTIF(Recruitment_Pipeline!$E$2:$E$21,A27) -> 1 | G27: Jul-25 | H27: =SUMIFS([1]Attendance_Log!$C$2:$C$1000,[1]Attendance_Log!$B$2:$B$1000,G27)/SUMIFS([1]Attendance_Log!$D$2:$D$1000,[1]Attendance_Log!$B$2:$B$1000,G27) -> 0.92045455
A28: Screening | B28: =COUNTIF(Recruitment_Pipeline!$E$2:$E$21,A28) -> 4 | G28: Oct-25 | H28: =SUMIFS([1]Attendance_Log!$C$2:$C$1000,[1]Attendance_Log!$B$2:$B$1000,G28)/SUMIFS([1]Attendance_Log!$D$2:$D$1000,[1]Attendance_Log!$B$2:$B$1000,G28) -> 0.92760943
A29: Interview | B29: =COUNTIF(Recruitment_Pipeline!$E$2:$E$21,A29) -> 8
A30: Offer | B30: =COUNTIF(Recruitment_Pipeline!$E$2:$E$21,A30) -> 3
A31: Hired | B31: =COUNTIF(Recruitment_Pipeline!$E$2:$E$21,A31) -> 2
A32: Rejected | B32: =COUNTIF(Recruitment_Pipeline!$E$2:$E$21,A32) -> 2

Sheet Attendance_Log
A1: Employee ID | B1: Month | C1: Days Present | D1: Working Days
A2: E001 | B2: Jan-24 | C2: 22 | D2: 22
A3: E002 | B3: Jan-24 | C3: 22 | D3: 22
A4: E004 | B4: Jan-24 | C4: 22 | D4: 22
A5: E005 | B5: Jan-24 | C5: 20 | D5: 22
A6: E006 | B6: Jan-24 | C6: 20 | D6: 22
A7: E007 | B7: Jan-24 | C7: 22 | D7: 22
A8: E008 | B8: Jan-24 | C8: 20 | D8: 22
A9: E009 | B9: Jan-24 | C9: 19 | D9: 22
A10: E012 | B10: Jan-24 | C10: 22 | D10: 22
A11: E013 | B11: Jan-24 | C11: 21 | D11: 22
A12: E014 | B12: Jan-24 | C12: 20 | D12: 22
A13: E015 | B13: Jan-24 | C13: 19 | D13: 22
... A651: E029 | B651: Dec-25 | C651: 19 | D651: 20

Sheet Leave_Records
A1: Leave ID | B1: Employee ID | C1: Leave Type | D1: Start Date | E1: End Date | F1: Days | G1: Status
A2: L0001 | B2: E001 | C2: Earned Leave | D2: 45274 | E2: 45278 | F2: 5 | G2: Approved
A3: L0002 | B3: E001 | C3: Sick Leave | D3: 45415 | E3: 45416 | F3: 2 | G3: Approved
A4: L0003 | B4: E002 | C4: Maternity/Paternity | D4: 45900 | E4: 45902 | F4: 3 | G4: Pending
A5: L0004 | B5: E002 | C5: Sick Leave | D5: 45694 | E5: 45695 | F5: 2 | G5: Approved
A6: L0005 | B6: E002 | C6: Sick Leave | D6: 45181 | E6: 45185 | F6: 5 | G6: Approved
A7: L0006 | B7: E002 | C7: Earned Leave | D7: 45758 | E7: 45762 | F7: 5 | G7: Approved
A8: L0007 | B8: E003 | C8: Earned Leave | D8: 45727 | E8: 45728 | F8: 2 | G8: Approved
A9: L0008 | B9: E003 | C9: Maternity/Paternity | D9: 45675 | E9: 45676 | F9: 2 | G9: Approved
A10: L0009 | B10: E004 | C10: Earned Leave | D10: 44862 | E10: 44864 | F10: 3 | G10: Approved
A11: L0010 | B11: E004 | C11: Casual Leave | D11: 44418 | E11: 44419 | F11: 2 | G11: Approved
A12: L0011 | B12: E004 | C12: Earned Leave | D12: 44713 | E12: 44713 | F12: 1 | G12: Approved
A13: L0012 | B13: E005 | C13: Earned Leave | D13: 45616 | E13: 45616 | F13: 1 | G13: Pending
... A80: L0079 | B80: E030 | C80: Casual Leave | D80: 44004 | E80: 44008 | F80: 5 | G80: Pending

Sheet Payroll
A1: Employee ID | B1: Month | C1: Basic Salary ($) | D1: Bonus ($) | E1: Deduction ($) | F1: Net Pay ($)
A2: E001 | B2: Jan-24 | C2: 48000 | D2: 0 | E2: 0 | F2: =C2+D2-E2 -> 48000
A3: E002 | B3: Jan-24 | C3: 60000 | D3: 1000 | E3: 500 | F3: =C3+D3-E3 -> 60500
A4: E004 | B4: Jan-24 | C4: 60000 | D4: 1000 | E4: 200 | F4: =C4+D4-E4 -> 60800
A5: E005 | B5: Jan-24 | C5: 35000 | D5: 500 | E5: 0 | F5: =C5+D5-E5 -> 35500
A6: E006 | B6: Jan-24 | C6: 65000 | D6: 500 | E6: 200 | F6: =C6+D6-E6 -> 65300
A7: E007 | B7: Jan-24 | C7: 65000 | D7: 1000 | E7: 0 | F7: =C7+D7-E7 -> 66000
A8: E008 | B8: Jan-24 | C8: 35000 | D8: 1000 | E8: 0 | F8: =C8+D8-E8 -> 36000
A9: E009 | B9: Jan-24 | C9: 35000 | D9: 0 | E9: 500 | F9: =C9+D9-E9 -> 34500
A10: E012 | B10: Jan-24 | C10: 65000 | D10: 1500 | E10: 500 | F10: =C10+D10-E10 -> 66000
A11: E013 | B11: Jan-24 | C11: 52000 | D11: 1500 | E11: 0 | F11: =C11+D11-E11 -> 53500
A12: E014 | B12: Jan-24 | C12: 60000 | D12: 1500 | E12: 200 | F12: =C12+D12-E12 -> 61300
A13: E015 | B13: Jan-24 | C13: 32000 | D13: 0 | E13: 200 | F13: =C13+D13-E13 -> 31800
... A651: E029 | B651: Dec-25 | C651: 52000 | D651: 500 | E651: 500 | F651: =C651+D651-E651 -> 52000

Sheet Performance_Reviews
A1: Employee ID | B1: Year | C1: Rating (1-5) | D1: Reviewer Comments
A2: E001 | B2: 2024 | C2: 4 | D2: Consistently exceeds targets
A3: E002 | B3: 2024 | C3: 4 | D3: Strong technical skills
A4: E003 | B4: 2024 | C4: 3 | D4: Strong technical skills
A5: E004 | B5: 2024 | C5: 4 | D5: Requires more initiative
A6: E005 | B6: 2024 | C6: 3 | D6: Excellent leadership shown
A7: E006 | B7: 2024 | C7: 3 | D7: Needs to improve punctuality
A8: E007 | B8: 2024 | C8: 4 | D8: Meets expectations
A9: E008 | B9: 2024 | C9: 4 | D9: Strong technical skills
A10: E009 | B10: 2024 | C10: 3 | D10: Strong technical skills
A11: E010 | B11: 2024 | C11: 3 | D11: Meets expectations
A12: E011 | B12: 2024 | C12: 4 | D12: Excellent leadership shown
A13: E012 | B13: 2024 | C13: 4 | D13: Requires more initiative
... A59: E030 | B59: 2025 | C59: 2 | D59: Great team player

Sheet Recruitment_Pipeline
A1: Candidate ID | B1: Candidate Name | C1: Position Applied | D1: Department | E1: Stage | F1: Application Date
A2: C001 | B2: Farhan | C2: Sales Executive | D2: Sales | E2: Interview | F2: 45905
A3: C002 | B3: Tasnim | C3: Sales Executive | D3: Sales | E3: Screening | F3: 45793
A4: C003 | B4: Rumana | C4: IT Executive | D4: IT | E4: Applied | F4: 45851
A5: C004 | B5: Imon | C5: Marketing Executive | D5: Marketing | E5: Offer | F5: 45885
A6: C005 | B6: Suborna | C6: IT Executive | D6: IT | E6: Offer | F6: 45855
A7: C006 | B7: Zahid | C7: IT Executive | D7: IT | E7: Screening | F7: 46019
A8: C007 | B8: Momtaz | C8: Marketing Executive | D8: Marketing | E8: Hired | F8: 45815
A9: C008 | B9: Anika | C9: Sales Executive | D9: Sales | E9: Interview | F9: 45737
A10: C009 | B10: Bappy | C10: Finance Executive | D10: Finance | E10: Interview | F10: 45922
A11: C010 | B11: Sadman | C11: IT Executive | D11: IT | E11: Interview | F11: 45957
A12: C011 | B12: Mahi | C12: IT Executive | D12: IT | E12: Interview | F12: 45935
A13: C012 | B13: Rafsan | C13: IT Executive | D13: IT | E13: Hired | F13: 45849
... A21: C020 | B21: Tanjil | C21: HR Executive | D21: HR | E21: Screening | F21: 45794

Sheet Calculations
A1: Employee ID | B1: Employee Name | C1: Department | D1: Status | E1: Tenure (Years) | F1: Total Leave Days (Approved) | G1: Attendance % | H1: Avg Performance Rating | I1: Total Net Pay ($) | J1: Performance Category | K1: Attrition Flag | L1: Bonus Eligible
A2: =Employee_Master!A2 -> E001 | B2: =IFERROR(VLOOKUP(A2,Employee_Master!$A$2:$M$31,2,FALSE()),"") -> Rahim | C2: =IFERROR(INDEX(Employee_Master!$D$2:$D$31,MATCH(A2,Employee_Master!$A$2:$A$31,0)),"") -> Sales | D2: =IFERROR(VLOOKUP(A2,Employee_Master!$A$2:$M$31,10,FALSE()),"") -> Active | E2: =IFERROR(DATEDIF(VLOOKUP(A2,Employee_Master!$A$2:$M$31,8,FALSE()),IF(D2="Resigned",VLOOKUP(A2,Employee_Master!$A$2:$M$31,9,FALSE()),TODAY()),"y"),0) -> 7 | F2: =SUMIFS(Leave_Records!$F$2:$F$1000,Leave_Records!$B$2:$B$1000,A2,Leave_Records!$G$2:$G$1000,"Approved") -> 7 | G2: =IFERROR(SUMIFS(Attendance_Log!$C$2:$C$1000,Attendance_Log!$A$2:$A$1000,A2)/SUMIFS(Attendance_Log!$D$2:$D$1000,Attendance_Log!$A$2:$A$1000,A2),0) -> 0.9351145 | H2: =IFERROR(AVERAGEIFS(Performance_Reviews!$C$2:$C$1000,Performance_Reviews!$A$2:$A$1000,A2),0) -> 3.5 | I2: =SUMIFS(Payroll!$F$2:$F$1000,Payroll!$A$2:$A$1000,A2) -> 1169100 | J2: =_xlfn.IFS(H2>=4.5,"Star Performer",H2>=3.5,"Strong",H2>=2.5,"Average",TRUE(),"Needs Improvement") -> Strong | K2: =IF(D2="Resigned","Yes","No") -> No | L2: =IF(AND(G2>=0.95,H2>=4,D2="Active"),"Yes","No") -> No
A3: =Employee_Master!A3 -> E002 | B3: =IFERROR(VLOOKUP(A3,Employee_Master!$A$2:$M$31,2,FALSE()),"") -> Nadia | C3: =IFERROR(INDEX(Employee_Master!$D$2:$D$31,MATCH(A3,Employee_Master!$A$2:$A$31,0)),"") -> Marketing | D3: =IFERROR(VLOOKUP(A3,Employee_Master!$A$2:$M$31,10,FALSE()),"") -> Active | E3: =IFERROR(DATEDIF(VLOOKUP(A3,Employee_Master!$A$2:$M$31,8,FALSE()),IF(D3="Resigned",VLOOKUP(A3,Employee_Master!$A$2:$M$31,9,FALSE()),TODAY()),"y"),0) -> 4 | F3: =SUMIFS(Leave_Records!$F$2:$F$1000,Leave_Records!$B$2:$B$1000,A3,Leave_Records!$G$2:$G$1000,"Approved") -> 12 | G3: =IFERROR(SUMIFS(Attendance_Log!$C$2:$C$1000,Attendance_Log!$A$2:$A$1000,A3)/SUMIFS(Attendance_Log!$D$2:$D$1000,Attendance_Log!$A$2:$A$1000,A3),0) -> 0.91793893 | H3: =IFERROR(AVERAGEIFS(Performance_Reviews!$C$2:$C$1000,Performance_Reviews!$A$2:$A$1000,A3),0) -> 4.5 | I3: =SUMIFS(Payroll!$F$2:$F$1000,Payroll!$A$2:$A$1000,A3) -> 1454800 | J3: =_xlfn.IFS(H3>=4.5,"Star Performer",H3>=3.5,"Strong",H3>=2.5,"Average",TRUE(),"Needs Improvement") -> Star Performer | K3: =IF(D3="Resigned","Yes","No") -> No | L3: =IF(AND(G3>=0.95,H3>=4,D3="Active"),"Yes","No") -> No
A4: =Employee_Master!A4 -> E003 | B4: =IFERROR(VLOOKUP(A4,Employee_Master!$A$2:$M$31,2,FALSE()),"") -> Karim | C4: =IFERROR(INDEX(Employee_Master!$D$2:$D$31,MATCH(A4,Employee_Master!$A$2:$A$31,0)),"") -> Finance | D4: =IFERROR(VLOOKUP(A4,Employee_Master!$A$2:$M$31,10,FALSE()),"") -> Active | E4: =IFERROR(DATEDIF(VLOOKUP(A4,Employee_Master!$A$2:$M$31,8,FALSE()),IF(D4="Resigned",VLOOKUP(A4,Employee_Master!$A$2:$M$31,9,FALSE()),TODAY()),"y"),0) -> 1 | F4: =SUMIFS(Leave_Records!$F$2:$F$1000,Leave_Records!$B$2:$B$1000,A4,Leave_Records!$G$2:$G$1000,"Approved") -> 4 | G4: =IFERROR(SUMIFS(Attendance_Log!$C$2:$C$1000,Attendance_Log!$A$2:$A$1000,A4)/SUMIFS(Attendance_Log!$D$2:$D$1000,Attendance_Log!$A$2:$A$1000,A4),0) -> 0.93092105 | H4: =IFERROR(AVERAGEIFS(Performance_Reviews!$C$2:$C$1000,Performance_Reviews!$A$2:$A$1000,A4),0) -> 3.5 | I4: =SUMIFS(Payroll!$F$2:$F$1000,Payroll!$A$2:$A$1000,A4) -> 917700 | J4: =_xlfn.IFS(H4>=4.5,"Star Performer",H4>=3.5,"Strong",H4>=2.5,"Average",TRUE(),"Needs Improvement") -> Strong | K4: =IF(D4="Resigned","Yes","No") -> No | L4: =IF(AND(G4>=0.95,H4>=4,D4="Active"),"Yes","No") -> No
A5: =Employee_Master!A5 -> E004 | B5: =IFERROR(VLOOKUP(A5,Employee_Master!$A$2:$M$31,2,FALSE()),"") -> Jannat | C5: =IFERROR(INDEX(Employee_Master!$D$2:$D$31,MATCH(A5,Employee_Master!$A$2:$A$31,0)),"") -> IT | D5: =IFERROR(VLOOKUP(A5,Employee_Master!$A$2:$M$31,10,FALSE()),"") -> Resigned | E5: =IFERROR(DATEDIF(VLOOKUP(A5,Employee_Master!$A$2:$M$31,8,FALSE()),IF(D5="Resigned",VLOOKUP(A5,Employee_Master!$A$2:$M$31,9,FALSE()),TODAY()),"y"),0) -> 4 | F5: =SUMIFS(Leave_Records!$F$2:$F$1000,Leave_Records!$B$2:$B$1000,A5,Leave_Records!$G$2:$G$1000,"Approved") -> 6 | G5: =IFERROR(SUMIFS(Attendance_Log!$C$2:$C$1000,Attendance_Log!$A$2:$A$1000,A5)/SUMIFS(Attendance_Log!$D$2:$D$1000,Attendance_Log!$A$2:$A$1000,A5),0) -> 0.93636364 | H5: =IFERROR(AVERAGEIFS(Performance_Reviews!$C$2:$C$1000,Performance_Reviews!$A$2:$A$1000,A5),0) -> 4 | I5: =SUMIFS(Payroll!$F$2:$F$1000,Payroll!$A$2:$A$1000,A5) -> 604700 | J5: =_xlfn.IFS(H5>=4.5,"Star Performer",H5>=3.5,"Strong",H5>=2.5,"Average",TRUE(),"Needs Improvement") -> Strong | K5: =IF(D5="Resigned","Yes","No") -> Yes | L5: =IF(AND(G5>=0.95,H5>=4,D5="Active"),"Yes","No") -> No
A6: =Employee_Master!A6 -> E005 | B6: =IFERROR(VLOOKUP(A6,Employee_Master!$A$2:$M$31,2,FALSE()),"") -> Sumon | C6: =IFERROR(INDEX(Employee_Master!$D$2:$D$31,MATCH(A6,Employee_Master!$A$2:$A$31,0)),"") -> HR | D6: =IFERROR(VLOOKUP(A6,Employee_Master!$A$2:$M$31,10,FALSE()),"") -> Active | E6: =IFERROR(DATEDIF(VLOOKUP(A6,Employee_Master!$A$2:$M$31,8,FALSE()),IF(D6="Resigned",VLOOKUP(A6,Employee_Master!$A$2:$M$31,9,FALSE()),TODAY()),"y"),0) -> 6 | F6: =SUMIFS(Leave_Records!$F$2:$F$1000,Leave_Records!$B$2:$B$1000,A6,Leave_Records!$G$2:$G$1000,"Approved") -> 4 | G6: =IFERROR(SUMIFS(Attendance_Log!$C$2:$C$1000,Attendance_Log!$A$2:$A$1000,A6)/SUMIFS(Attendance_Log!$D$2:$D$1000,Attendance_Log!$A$2:$A$1000,A6),0) -> 0.92366412 | H6: =IFERROR(AVERAGEIFS(Performance_Reviews!$C$2:$C$1000,Performance_Reviews!$A$2:$A$1000,A6),0) -> 3.5 | I6: =SUMIFS(Payroll!$F$2:$F$1000,Payroll!$A$2:$A$1000,A6) -> 851600 | J6: =_xlfn.IFS(H6>=4.5,"Star Performer",H6>=3.5,"Strong",H6>=2.5,"Average",TRUE(),"Needs Improvement") -> Strong | K6: =IF(D6="Resigned","Yes","No") -> No | L6: =IF(AND(G6>=0.95,H6>=4,D6="Active"),"Yes","No") -> No
A7: =Employee_Master!A7 -> E006 | B7: =IFERROR(VLOOKUP(A7,Employee_Master!$A$2:$M$31,2,FALSE()),"") -> Tania | C7: =IFERROR(INDEX(Employee_Master!$D$2:$D$31,MATCH(A7,Employee_Master!$A$2:$A$31,0)),"") -> Operations | D7: =IFERROR(VLOOKUP(A7,Employee_Master!$A$2:$M$31,10,FALSE()),"") -> Active | E7: =IFERROR(DATEDIF(VLOOKUP(A7,Employee_Master!$A$2:$M$31,8,FALSE()),IF(D7="Resigned",VLOOKUP(A7,Employee_Master!$A$2:$M$31,9,FALSE()),TODAY()),"y"),0) -> 3 | F7: =SUMIFS(Leave_Records!$F$2:$F$1000,Leave_Records!$B$2:$B$1000,A7,Leave_Records!$G$2:$G$1000,"Approved") -> 7 | G7: =IFERROR(SUMIFS(Attendance_Log!$C$2:$C$1000,Attendance_Log!$A$2:$A$1000,A7)/SUMIFS(Attendance_Log!$D$2:$D$1000,Attendance_Log!$A$2:$A$1000,A7),0) -> 0.91793893 | H7: =IFERROR(AVERAGEIFS(Performance_Reviews!$C$2:$C$1000,Performance_Reviews!$A$2:$A$1000,A7),0) -> 3.5 | I7: =SUMIFS(Payroll!$F$2:$F$1000,Payroll!$A$2:$A$1000,A7) -> 1570700 | J7: =_xlfn.IFS(H7>=4.5,"Star Performer",H7>=3.5,"Strong",H7>=2.5,"Average",TRUE(),"Needs Improvement") -> Strong | K7: =IF(D7="Resigned","Yes","No") -> No | L7: =IF(AND(G7>=0.95,H7>=4,D7="Active"),"Yes","No") -> No
A8: =Employee_Master!A8 -> E007 | B8: =IFERROR(VLOOKUP(A8,Employee_Master!$A$2:$M$31,2,FALSE()),"") -> Rafi | C8: =IFERROR(INDEX(Employee_Master!$D$2:$D$31,MATCH(A8,Employee_Master!$A$2:$A$31,0)),"") -> Sales | D8: =IFERROR(VLOOKUP(A8,Employee_Master!$A$2:$M$31,10,FALSE()),"") -> Active | E8: =IFERROR(DATEDIF(VLOOKUP(A8,Employee_Master!$A$2:$M$31,8,FALSE()),IF(D8="Resigned",VLOOKUP(A8,Employee_Master!$A$2:$M$31,9,FALSE()),TODAY()),"y"),0) -> 5 | F8: =SUMIFS(Leave_Records!$F$2:$F$1000,Leave_Records!$B$2:$B$1000,A8,Leave_Records!$G$2:$G$1000,"Approved") -> 5 | G8: =IFERROR(SUMIFS(Attendance_Log!$C$2:$C$1000,Attendance_Log!$A$2:$A$1000,A8)/SUMIFS(Attendance_Log!$D$2:$D$1000,Attendance_Log!$A$2:$A$1000,A8),0) -> 0.91793893 | H8: =IFERROR(AVERAGEIFS(Performance_Reviews!$C$2:$C$1000,Performance_Reviews!$A$2:$A$1000,A8),0) -> 3.5 | I8: =SUMIFS(Payroll!$F$2:$F$1000,Payroll!$A$2:$A$1000,A8) -> 1578900 | J8: =_xlfn.IFS(H8>=4.5,"Star Performer",H8>=3.5,"Strong",H8>=2.5,"Average",TRUE(),"Needs Improvement") -> Strong | K8: =IF(D8="Resigned","Yes","No") -> No | L8: =IF(AND(G8>=0.95,H8>=4,D8="Active"),"Yes","No") -> No
A9: =Employee_Master!A9 -> E008 | B9: =IFERROR(VLOOKUP(A9,Employee_Master!$A$2:$M$31,2,FALSE()),"") -> Nabila | C9: =IFERROR(INDEX(Employee_Master!$D$2:$D$31,MATCH(A9,Employee_Master!$A$2:$A$31,0)),"") -> Marketing | D9: =IFERROR(VLOOKUP(A9,Employee_Master!$A$2:$M$31,10,FALSE()),"") -> Active | E9: =IFERROR(DATEDIF(VLOOKUP(A9,Employee_Master!$A$2:$M$31,8,FALSE()),IF(D9="Resigned",VLOOKUP(A9,Employee_Master!$A$2:$M$31,9,FALSE()),TODAY()),"y"),0) -> 4 | F9: =SUMIFS(Leave_Records!$F$2:$F$1000,Leave_Records!$B$2:$B$1000,A9,Leave_Records!$G$2:$G$1000,"Approved") -> 14 | G9: =IFERROR(SUMIFS(Attendance_Log!$C$2:$C$1000,Attendance_Log!$A$2:$A$1000,A9)/SUMIFS(Attendance_Log!$D$2:$D$1000,Attendance_Log!$A$2:$A$1000,A9),0) -> 0.92938931 | H9: =IFERROR(AVERAGEIFS(Performance_Reviews!$C$2:$C$1000,Performance_Reviews!$A$2:$A$1000,A9),0) -> 4.5 | I9: =SUMIFS(Payroll!$F$2:$F$1000,Payroll!$A$2:$A$1000,A9) -> 857200 | J9: =_xlfn.IFS(H9>=4.5,"Star Performer",H9>=3.5,"Strong",H9>=2.5,"Average",TRUE(),"Needs Improvement") -> Star Performer | K9: =IF(D9="Resigned","Yes","No") -> No | L9: =IF(AND(G9>=0.95,H9>=4,D9="Active"),"Yes","No") -> No
A10: =Employee_Master!A10 -> E009 | B10: =IFERROR(VLOOKUP(A10,Employee_Master!$A$2:$M$31,2,FALSE()),"") -> Fahim | C10: =IFERROR(INDEX(Employee_Master!$D$2:$D$31,MATCH(A10,Employee_Master!$A$2:$A$31,0)),"") -> Finance | D10: =IFERROR(VLOOKUP(A10,Employee_Master!$A$2:$M$31,10,FALSE()),"") -> Active | E10: =IFERROR(DATEDIF(VLOOKUP(A10,Employee_Master!$A$2:$M$31,8,FALSE()),IF(D10="Resigned",VLOOKUP(A10,Employee_Master!$A$2:$M$31,9,FALSE()),TODAY()),"y"),0) -> 4 | F10: =SUMIFS(Leave_Records!$F$2:$F$1000,Leave_Records!$B$2:$B$1000,A10,Leave_Records!$G$2:$G$1000,"Approved") -> 0 | G10: =IFERROR(SUMIFS(Attendance_Log!$C$2:$C$1000,Attendance_Log!$A$2:$A$1000,A10)/SUMIFS(Attendance_Log!$D$2:$D$1000,Attendance_Log!$A$2:$A$1000,A10),0) -> 0.92557252 | H10: =IFERROR(AVERAGEIFS(Performance_Reviews!$C$2:$C$1000,Performance_Reviews!$A$2:$A$1000,A10),0) -> 3 | I10: =SUMIFS(Payroll!$F$2:$F$1000,Payroll!$A$2:$A$1000,A10) -> 850600 | J10: =_xlfn.IFS(H10>=4.5,"Star Performer",H10>=3.5,"Strong",H10>=2.5,"Average",TRUE(),"Needs Improvement") -> Average | K10: =IF(D10="Resigned","Yes","No") -> No | L10: =IF(AND(G10>=0.95,H10>=4,D10="Active"),"Yes","No") -> No
A11: =Employee_Master!A11 -> E010 | B11: =IFERROR(VLOOKUP(A11,Employee_Master!$A$2:$M$31,2,FALSE()),"") -> Mim | C11: =IFERROR(INDEX(Employee_Master!$D$2:$D$31,MATCH(A11,Employee_Master!$A$2:$A$31,0)),"") -> IT | D11: =IFERROR(VLOOKUP(A11,Employee_Master!$A$2:$M$31,10,FALSE()),"") -> Active | E11: =IFERROR(DATEDIF(VLOOKUP(A11,Employee_Master!$A$2:$M$31,8,FALSE()),IF(D11="Resigned",VLOOKUP(A11,Employee_Master!$A$2:$M$31,9,FALSE()),TODAY()),"y"),0) -> 2 | F11: =SUMIFS(Leave_Records!$F$2:$F$1000,Leave_Records!$B$2:$B$1000,A11,Leave_Records!$G$2:$G$1000,"Approved") -> 7 | G11: =IFERROR(SUMIFS(Attendance_Log!$C$2:$C$1000,Attendance_Log!$A$2:$A$1000,A11)/SUMIFS(Attendance_Log!$D$2:$D$1000,Attendance_Log!$A$2:$A$1000,A11),0) -> 0.9178744 | H11: =IFERROR(AVERAGEIFS(Performance_Reviews!$C$2:$C$1000,Performance_Reviews!$A$2:$A$1000,A11),0) -> 4 | I11: =SUMIFS(Payroll!$F$2:$F$1000,Payroll!$A$2:$A$1000,A11) -> 1072500 | J11: =_xlfn.IFS(H11>=4.5,"Star Performer",H11>=3.5,"Strong",H11>=2.5,"Average",TRUE(),"Needs Improvement") -> Strong | K11: =IF(D11="Resigned","Yes","No") -> No | L11: =IF(AND(G11>=0.95,H11>=4,D11="Active"),"Yes","No") -> No
A12: =Employee_Master!A12 -> E011 | B12: =IFERROR(VLOOKUP(A12,Employee_Master!$A$2:$M$31,2,FALSE()),"") -> Hasan | C12: =IFERROR(INDEX(Employee_Master!$D$2:$D$31,MATCH(A12,Employee_Master!$A$2:$A$31,0)),"") -> HR | D12: =IFERROR(VLOOKUP(A12,Employee_Master!$A$2:$M$31,10,FALSE()),"") -> Active | E12: =IFERROR(DATEDIF(VLOOKUP(A12,Employee_Master!$A$2:$M$31,8,FALSE()),IF(D12="Resigned",VLOOKUP(A12,Employee_Master!$A$2:$M$31,9,FALSE()),TODAY()),"y"),0) -> 2 | F12: =SUMIFS(Leave_Records!$F$2:$F$1000,Leave_Records!$B$2:$B$1000,A12,Leave_Records!$G$2:$G$1000,"Approved") -> 6 | G12: =IFERROR(SUMIFS(Attendance_Log!$C$2:$C$1000,Attendance_Log!$A$2:$A$1000,A12)/SUMIFS(Attendance_Log!$D$2:$D$1000,Attendance_Log!$A$2:$A$1000,A12),0) -> 0.9063745 | H12: =IFERROR(AVERAGEIFS(Performance_Reviews!$C$2:$C$1000,Performance_Reviews!$A$2:$A$1000,A12),0) -> 4 | I12: =SUMIFS(Payroll!$F$2:$F$1000,Payroll!$A$2:$A$1000,A12) -> 1049000 | J12: =_xlfn.IFS(H12>=4.5,"Star Performer",H12>=3.5,"Strong",H12>=2.5,"Average",TRUE(),"Needs Improvement") -> Strong | K12: =IF(D12="Resigned","Yes","No") -> No | L12: =IF(AND(G12>=0.95,H12>=4,D12="Active"),"Yes","No") -> No
A13: =Employee_Master!A13 -> E012 | B13: =IFERROR(VLOOKUP(A13,Employee_Master!$A$2:$M$31,2,FALSE()),"") -> Liza | C13: =IFERROR(INDEX(Employee_Master!$D$2:$D$31,MATCH(A13,Employee_Master!$A$2:$A$31,0)),"") -> Operations | D13: =IFERROR(VLOOKUP(A13,Employee_Master!$A$2:$M$31,10,FALSE()),"") -> Active | E13: =IFERROR(DATEDIF(VLOOKUP(A13,Employee_Master!$A$2:$M$31,8,FALSE()),IF(D13="Resigned",VLOOKUP(A13,Employee_Master!$A$2:$M$31,9,FALSE()),TODAY()),"y"),0) -> 5 | F13: =SUMIFS(Leave_Records!$F$2:$F$1000,Leave_Records!$B$2:$B$1000,A13,Leave_Records!$G$2:$G$1000,"Approved") -> 8 | G13: =IFERROR(SUMIFS(Attendance_Log!$C$2:$C$1000,Attendance_Log!$A$2:$A$1000,A13)/SUMIFS(Attendance_Log!$D$2:$D$1000,Attendance_Log!$A$2:$A$1000,A13),0) -> 0.94465649 | H13: =IFERROR(AVERAGEIFS(Performance_Reviews!$C$2:$C$1000,Performance_Reviews!$A$2:$A$1000,A13),0) -> 3 | I13: =SUMIFS(Payroll!$F$2:$F$1000,Payroll!$A$2:$A$1000,A13) -> 1577900 | J13: =_xlfn.IFS(H13>=4.5,"Star Performer",H13>=3.5,"Strong",H13>=2.5,"Average",TRUE(),"Needs Improvement") -> Average | K13: =IF(D13="Resigned","Yes","No") -> No | L13: =IF(AND(G13>=0.95,H13>=4,D13="Active"),"Yes","No") -> No
... A31: =Employee_Master!A31 -> E030 | B31: =IFERROR(VLOOKUP(A31,Employee_Master!$A$2:$M$31,2,FALSE()),"") -> Tasnim | C31: =IFERROR(INDEX(Employee_Master!$D$2:$D$31,MATCH(A31,Employee_Master!$A$2:$A$31,0)),"") -> Operations | D31: =IFERROR(VLOOKUP(A31,Employee_Master!$A$2:$M$31,10,FALSE()),"") -> Resigned | E31: =IFERROR(DATEDIF(VLOOKUP(A31,Employee_Master!$A$2:$M$31,8,FALSE()),IF(D31="Resigned",VLOOKUP(A31,Employee_Master!$A$2:$M$31,9,FALSE()),TODAY()),"y"),0) -> 5 | F31: =SUMIFS(Leave_Records!$F$2:$F$1000,Leave_Records!$B$2:$B$1000,A31,Leave_Records!$G$2:$G$1000,"Approved") -> 6 | G31: =IFERROR(SUMIFS(Attendance_Log!$C$2:$C$1000,Attendance_Log!$A$2:$A$1000,A31)/SUMIFS(Attendance_Log!$D$2:$D$1000,Attendance_Log!$A$2:$A$1000,A31),0) -> 0.93055556 | H31: =IFERROR(AVERAGEIFS(Performance_Reviews!$C$2:$C$1000,Performance_Reviews!$A$2:$A$1000,A31),0) -> 2.5 | I31: =SUMIFS(Payroll!$F$2:$F$1000,Payroll!$A$2:$A$1000,A31) -> 1505600 | J31: =_xlfn.IFS(H31>=4.5,"Star Performer",H31>=3.5,"Strong",H31>=2.5,"Average",TRUE(),"Needs Improvement") -> Average | K31: =IF(D31="Resigned","Yes","No") -> Yes | L31: =IF(AND(G31>=0.95,H31>=4,D31="Active"),"Yes","No") -> No
A33: HR STATISTICAL INSIGHTS | D33: DATA QUALITY CHECK
A34: Metric | B34: Value | D34: Check | E34: Result
A35: Median Tenure (Years) | B35: =MEDIAN(E2:E31) -> 4 | D35: Any blank Employee ID? | E35: =IF(COUNTBLANK(Employee_Master!A2:A31)>0,"Blank Found","OK") -> OK
A36: Median Attendance % | B36: =MEDIAN(G2:G31) -> 0.92345032 | D36: Salary column all numeric? | E36: =IF(SUMPRODUCT((NOT(ISNUMBER(Employee_Master!K2:K31)))*1)=0,"OK","Text Found") -> OK
A37: StDev Attendance % (Sample) | B37: =_xlfn.STDEV.S(G2:G31) -> 0.009989399 | D37: Any lookup errors in Name col? | E37: =IF(SUMPRODUCT((ISERROR(B2:B31))*1)>0,"Error Found","OK") -> OK
A38: Highest Performer Rating | B38: =LARGE(H2:H31,1) -> 5 | D38: Any #N/A in Name col? | E38: =IF(SUMPRODUCT((ISNA(B2:B31))*1)>0,"N/A Found","OK") -> OK
A39: Lowest Performer Rating | B39: =SMALL(H2:H31,1) -> 2.5 | D39: Any blank Department? | E39: =IF(SUMPRODUCT((ISBLANK(Employee_Master!D2:D31))*1)>0,"Blank Found","OK") -> OK
A40: 75th Percentile Net Pay | B40: =PERCENTILE(I2:I31,0.75) -> 1431300
A41: Quartile 1 Net Pay | B41: =QUARTILE(I2:I31,1) -> 852800
